categoria,titular,enlace
mundo,Mexicanos votan por jueces en comicios con poca afluencia y en medio de cuestionamientos,https://www.eltiempo.com/mundo/mexico/mexicanos-votan-por-jueces-en-comicios-con-poca-afluencia-y-en-medio-de-cuestionamientos-3459430
unidad-investigativa,Fotos video reunion e informe confidencial sobre lanzacohetes que se hallaron en Bogota,https://www.eltiempo.com/unidad-investigativa/las-fotos-video-reunion-e-informe-confidencial-sobre-lanzacohetes-que-se-hallaron-en-bogota-3459389
vida,Estos son los departamentos de Colombia que se verian mas afectados tras inicio de temporada de ciclones tropicales,https://www.eltiempo.com/vida/medio-ambiente/gobierno-activa-planes-de-emergencia-ante-temporada-de-ciclones-tropicales-en-el-pais-3459375
deportes,Millonarios se quedo con un polemico clasico contra Santa Fe el Tigre Falcao marco la diferencia,https://www.eltiempo.com/deportes/futbol-colombiano/millonarios-se-quedo-con-un-polemico-clasico-contra-santa-fe-el-tigre-falcao-marco-la-diferencia-3459437
deportes,Era penalti La polemica mano que discutio todo Santa Fe en la caida contra Millonarios en la Liga Betplay video,https://www.eltiempo.com/deportes/futbol-colombiano/era-penalti-la-polemica-mano-que-discutio-todo-santa-fe-en-la-caida-contra-millonarios-en-la-liga-betplay-video-3459444
unidad-investigativa,El supuesto plan para mover por 4 paises a capo extraditable que muto a negociador de paz,https://www.eltiempo.com/unidad-investigativa/el-supuesto-plan-para-mover-por-4-paises-a-capo-que-muto-a-negociador-de-paz-3459183
economia,Deuda historica de Colombia crecio en 179 billones de pesos y es un 20  mayor que hace un ano que pasa,https://www.eltiempo.com/economia/sector-financiero/con-la-deuda-al-cuello-analisis-de-ricardo-avila-3459248
cultura,Esta en el Baum Festival 2025 Siga estos consejos para evitar robos en el evento y a las afueras de Corferias,https://www.eltiempo.com/cultura/gente/esta-en-el-baum-festival-2025-siga-estos-consejos-para-evitar-robos-en-el-evento-y-a-las-afueras-de-corferias-3459431
economia,Mision La Guajira asi es como estan cambiando las vidas de 81 comunidades wayus,https://www.eltiempo.com/economia/sectores/mision-la-guajira-asi-es-como-estan-cambiando-las-vidas-de-81-comunidades-wayus-3459281
unidad-investigativa,Tormenta en Ecopetrol indagaciones renuncias y guerra por sucesor de Ricardo Roa,https://www.eltiempo.com/unidad-investigativa/tormenta-en-ecopetrol-indagaciones-renuncias-y-guerra-por-sucesor-de-ricardo-roa-3459143
justicia,Clan del Golfo este es el complejo entramado de mando y control de la mayor red criminal del pais,https://www.eltiempo.com/justicia/conflicto-y-narcotrafico/clan-del-golfo-este-es-el-complejo-entramado-de-mando-y-control-de-la-mayor-red-criminal-del-pais-3459424
unidad-investigativa,El cirujano plastico del jet set involucrado en caso de trafico de armas y municiones de la Policia,https://www.eltiempo.com/unidad-investigativa/el-cirujano-plastico-del-jet-set-involucrado-en-caso-de-trafico-de-armas-y-municiones-de-la-policia-3459154
politica,Gustavo Petro responde a criticas por su silencio en redes y por haber dejado plantado al presidente de Panama,https://www.eltiempo.com/politica/gobierno/gustavo-petro-responde-a-criticas-por-su-silencio-en-redes-y-tras-haber-dejado-plantado-a-presidente-de-panama-3459349
noticias,Si tiene este billete colombiano antiguo podria recibir hasta nueve millones de pesos,https://www.diarioadn.co/noticias/si-tiene-este-billete-colombiano-antiguo-podria-recibir-hasta-nueve-millones-de-pesos+articulo+67102
mas-contenido,Las cifras que hablan por la Fabrica de Licores de Antioquia,https://www.eltiempo.com/mas-contenido/las-cifras-que-hablan-por-la-fabrica-de-licores-de-antioquia-3457560
opinion,Sin esperanza no hay futuro,https://www.eltiempo.com/opinion/columnistas/sin-esperanza-no-hay-futuro-3459313
opinion,Dona Estela y dona Yaneth,https://www.eltiempo.com/opinion/columnistas/dona-estela-y-dona-yaneth-3459317
opinion,Tributaria encapuchada,https://www.eltiempo.com/opinion/columnistas/tributaria-encapuchada-3459321
opinion,Petro perdio la calle,https://www.eltiempo.com/opinion/columnistas/petro-perdio-la-calle-3459315
opinion,Fruvergate,https://www.eltiempo.com/opinion/columnistas/fruvergate-3459319
opinion,La dinamica del sector bancario,https://www.eltiempo.com/opinion/columnistas/la-dinamica-del-sector-bancario-3459318
justicia,Indigenas en Risaralda que azotaron a menor hasta que se desmayo podrian ser llevados a la justicia ordinaria,https://www.eltiempo.com/justicia/investigacion/indigenas-en-risaralda-que-azotaron-a-menor-hasta-que-se-desmayo-podrian-ser-llevados-a-la-justicia-ordinaria-3459042
economia,La consulta va porque va  Columna de opinion de Bruce Mac Master presidente de la Andi,https://www.eltiempo.com/economia/sectores/la-consulta-va-porque-va-columna-de-bruce-mac-master-presidente-de-la-andi-3459400
unidad-investigativa,Como deshacerse de armas de difuntos o lanzacohetes como el que el Presidente revelo se hallaron en Bogota,https://www.eltiempo.com/unidad-investigativa/como-deshacerse-de-armas-de-difuntos-o-lanzacohetes-como-el-que-el-presidente-revelo-se-hallaron-en-bogota-3459359
justicia,Reciente carta daria pistas del paradero de Ivan Marquez nuevas senales de vida,https://www.eltiempo.com/justicia/conflicto-y-narcotrafico/atencion-reciente-carta-daria-pistas-del-paradero-de-ivan-marquez-nuevas-senales-de-vida-3459396
opinion,Ecopetrol un giro drastico,https://www.eltiempo.com/opinion/editorial/ecopetrol-un-giro-drastico-3459303
deportes,Video  Nairo Quintana revela lo que le dijo al Papa Leon XIV en el encuentro que tuvo con el en el Giro de Italia,https://www.eltiempo.com/deportes/ciclismo/nairo-quintana-revela-lo-que-le-dijo-al-papa-leon-xiv-en-el-corto-encuentro-que-tuvo-con-el-en-el-giro-de-italia-3459414
cultura,El regano de Silvestre Dangond a Juancho de la Espriella en concierto en Valledupar Deja de estar moviendo,https://www.eltiempo.com/cultura/gente/el-regano-de-silvestre-dangond-a-juancho-de-la-espriella-en-concierto-en-valledupar-3459423
colombia,Las 12 veces que ha caido el Baloto en Colombia en cuatro los ganadores han escogido el numero 15,https://www.eltiempo.com/colombia/santander/las-12-veces-que-ha-caido-el-baloto-en-colombia-en-cuatro-los-ganadores-han-escogido-el-numero-3459406
cultura,Como puedo ser voluntario del Mundial 2026 Hay plazo hasta agosto estos son los requisitos,https://www.eltiempo.com/cultura/gente/como-puedo-ser-voluntario-del-mundial-2026-hay-plazo-hasta-agosto-estos-son-los-requisitos-3459415
colombia,Falso sacerdote robo millonaria suma estafando a mas de 200 personas en Colombia fue capturado en Medellin,https://www.eltiempo.com/colombia/medellin/falso-sacerdote-robo-millonaria-suma-estafando-mas-de-200-personas-en-tres-departamentos-fue-capturado-en-medellin-3459393
podcast,Las polemicas en convocatoria de la Seleccion Colombia una a una en dialogo con Leandro Castellanos,https://www.eltiempo.com/podcast/contraataque/las-polemicas-en-convocatoria-de-la-seleccion-colombia-una-a-una-en-dialogo-con-leandro-castellanos-3459065
podcast,Escuche a Sus Vasquez acerca de la guitarra que la vuelve poderosa,https://www.eltiempo.com/podcast/escuche-a-sus-vasquez-acerca-de-la-guitarra-que-la-vuelve-poderosa-3459191
podcast,No es una tusa es un duelo la separacion amorosa tambien duele como una perdida  Sala de Redaccion Citytv,https://www.eltiempo.com/podcast/sala-de-redaccion-citytv/no-es-una-tusa-es-un-duelo-la-separacion-amorosa-tambien-duele-como-una-perdida-sala-de-redaccion-citytv-3459076
podcast,Gracias papa porque el mejor regalo que me diste fue tu ausencia Milena Lopez y la dificil relacion con su padre,https://www.eltiempo.com/podcast/la-habitacion-invisible/gracias-papa-porque-el-mejor-regalo-que-me-diste-fue-tu-ausencia-milena-lopez-y-la-dificil-relacion-con-su-padre-3459090
foro-w,Que debe pasar con las denuncias que hizo Angela Maria Buitrago en su renuncia,https://www.eltiempo.com/foro-w/que-debe-pasar-con-las-denuncias-que-hizo-angela-maria-buitrago-en-su-renuncia-3456603
justicia,La independencia de los jueces no es un privilegio es una garantia de la democracia Pdte de la Corte Suprema,https://www.eltiempo.com/justicia/cortes/la-independencia-de-los-jueces-no-es-un-privilegio-es-una-garantia-de-la-democracia-pdte-de-la-corte-supremaju-3459269
justicia,Yef Navas y la poderosa banda criminal los Melean que supera al Tren de Aragua,https://www.eltiempo.com/justicia/conflicto-y-narcotrafico/yef-navas-y-la-poderosa-banda-criminal-los-melean-que-supera-al-tren-de-aragua-3459285
politica,Los 20 dias cruciales para el futuro de la reforma laboral y de la consulta popular del gobierno de Gustavo Petro,https://www.eltiempo.com/politica/congreso/los-20-dias-cruciales-para-el-futuro-de-la-reforma-laboral-y-de-la-consulta-popular-del-gobierno-de-gustavo-petro-3459250
colombia,Cartagenero murio en extranas circunstancia en Portugal su familia clama por justicia y apoyo para repatriarlo,https://www.eltiempo.com/colombia/otras-ciudades/cartagenero-murio-en-extranas-circunstancia-en-portugal-su-familia-clama-por-justicia-y-apoyo-para-repatriarlo-3459379
justicia,Los errores de la Fiscalia que dejan en estado critico caso contra Antonio Sanguino ministro de Trabajo,https://www.eltiempo.com/justicia/investigacion/los-errores-de-la-fiscalia-que-dejan-en-estado-critico-caso-contra-antonio-sanguino-ministro-de-trabajo-3459266
mundo,La cancion que interpreto Grupo Fugitivo en su ultima presentacion y que tendria que ver con el crimen un cartel,https://www.eltiempo.com/mundo/mexico/video-la-ultima-cancion-de-grupo-fugitivo-antes-de-su-desaparicion-en-mexico-estaria-relacionada-con-un-cartel-3459345
politica,Gobierno insiste en desconocer decision del Senado Gustavo Petro dice que la consulta popular es decretable,https://www.eltiempo.com/politica/gobierno/presidente-gustavo-petro-dice-que-la-consulta-popular-es-decretable-y-desconoce-la-decision-que-tomo-el-senado-3459377
bogota,Hallan sin vida a auxiliar de vuelo en rio de Cundinamarca el hombre con el que iba esta desaparecido,https://www.eltiempo.com/bogota/hallan-sin-vida-a-auxiliar-de-vuelo-en-rio-de-cundinamarca-el-hombre-con-el-que-iba-esta-desaparecido-3459408
colombia,Indignacion por nino que perdio parte de un dedo en un CDI del Bienestar Familiar al sur de Barranquilla,https://www.eltiempo.com/colombia/barranquilla/indignacion-por-nino-que-perdio-parte-de-un-dedo-en-un-cdi-del-bienestar-familiar-al-sur-de-barranquilla-3459365
mundo,Mexicanos eligen a todos sus jueces bajo la sombra de la corrupcion y el crimen,https://www.eltiempo.com/mundo/mexico/mexicanos-eligen-a-todos-sus-jueces-bajo-la-sombra-de-la-corrupcion-y-el-crimen-3459392
mas-contenido,Me abandonaron pero Rexona no el flow de Greeicy no se detiene,https://www.eltiempo.com/mas-contenido/me-abandonaron-pero-rexona-no-el-flow-de-greeicy-no-se-detiene-3456803
deportes,Cuales son los siguientes partidos de la Seleccion Colombia por las eliminatorias al Mundial,https://www.eltiempo.com/deportes/futbol-internacional/cuales-son-los-siguientes-partidos-de-la-seleccion-colombia-por-las-eliminatorias-al-mundial-3459314
deportes,Sebastian Montoya un gigante podio en el Gran Premio de Espana de Formula 2 el segundo del ano,https://www.eltiempo.com/deportes/automovilismo/sebastian-montoya-ocupo-el-segundo-puesto-del-podio-tras-participar-en-la-carrera-de-barcelona-de-formula-3459344
deportes,America le saca jugo al punto invisible y es lider del cuadrangular A de la Liga BetPlay tabla de posiciones,https://www.eltiempo.com/deportes/futbol-colombiano/america-le-saca-jugo-al-punto-invisible-y-es-lider-del-cuadrangular-a-de-la-liga-betplay-tabla-de-posiciones-3459330
deportes,Agarrense Santa Fe vs Millonarios clasico de suspenso dos historicos analizan el comienzo de las semifinales,https://www.eltiempo.com/deportes/futbol-colombiano/agarrense-santa-fe-vs-millonarios-clasico-de-suspenso-dos-historicos-analizan-el-comienzo-de-las-semifinales-3459336
deportes,PSG es el mejor goleo humillo al Inter de Milan y es el nuevo campeon de la Champions League merecido,https://www.eltiempo.com/deportes/futbol-internacional/psg-vs-inter-de-milan-resumen-de-la-final-de-la-champions-league-3459282
cultura,El outlet de Tiendas Ara donde podra encontrar alimentos y productos a bajo precio donde se encuentra,https://www.eltiempo.com/cultura/gente/el-outlet-de-tiendas-ara-donde-podra-encontrar-alimentos-y-productos-a-bajo-precio-donde-se-encuentra-3459292
cultura,Murio Loretta Swit actriz estadounidense de la comedia belica MASH a los 87 anos,https://www.eltiempo.com/cultura/gente/murio-loretta-swit-actriz-estadounidense-de-la-comedia-belica-m-a-s-h-a-los-87-anos-3459331
cultura,George Clooney y el regalo que le dio a sus 14 amigos mas cercanos cuando se volvio millonario Un maletin lleno,https://www.eltiempo.com/cultura/cine-y-tv/george-clooney-y-el-regalo-que-sello-una-amistad-eterna-14-maletines-un-millon-de-dolares-cada-uno-3459237
politica,Juan Daniel Oviedo El centro tiene que demostrarle a Colombia que si es capaz de ponerse de acuerdo,https://www.eltiempo.com/politica/partidos-politicos/juan-daniel-oviedo-el-centro-tiene-que-demostrarle-a-colombia-que-si-es-capaz-de-ponerse-de-acuerdo-3459240
vida,Estas son las fechas de las vacaciones escolares de mitad de ano en las principales regiones del pais,https://www.eltiempo.com/vida/educacion/estas-son-las-fechas-de-las-vacaciones-escolares-de-mitad-de-ano-en-las-principales-regiones-del-pais-3458596
politica,Gustavo Petro defiende a la CUT por bloqueo y ataca a Galan Bogota no necesita de penalosas jugando a las convivir,https://www.eltiempo.com/politica/gobierno/gustavo-petro-defiende-a-la-cut-por-bloqueos-y-ataca-a-galan-bogota-no-necesita-de-penalosas-jugando-a-las-convivir-3459288
economia,Mas colombianos tendran que pagar el impuesto de renta de manera anticipada por decreto del Ministerio de Hacienda,https://www.eltiempo.com/economia/sectores/mas-colombianos-tendran-que-pagar-el-impuesto-de-renta-de-manera-anticipada-por-decreto-del-ministerio-de-hacienda-3459320
mundo,Iran suspendio ley que obligaba a las mujeres a usar el hiyab Mujer se lo quito en vivo como gesto de liberacion,https://www.eltiempo.com/mundo/medio-oriente/iran-suspendio-ley-que-obligaba-a-las-mujeres-a-usar-el-hiyab-mujer-se-lo-quito-en-vivo-como-gesto-de-liberacion-3459370
justicia,Cae alias Tomate senalado responsable de homicidios contra lideres sociales en Meta,https://www.eltiempo.com/justicia/conflicto-y-narcotrafico/cae-alias-tomate-senalado-responsable-de-homicidio-contra-lideres-sociales-en-meta-3459362
mas-contenido,Antioquia impacta y transforma,https://www.eltiempo.com/mas-contenido/antioquia-impacta-y-transforma-3457451
opinion,Aleida,https://www.eltiempo.com/opinion/caricaturas/aleida-3459337
opinion,Roa en la cuerda floja,https://www.eltiempo.com/opinion/caricaturas/roa-en-la-cuerda-floja-3459332
opinion,Se agita,https://www.eltiempo.com/opinion/caricaturas/se-agita-3459329
opinion,Perdido,https://www.eltiempo.com/opinion/caricaturas/perdido-3459328
co,Atencion contadores Estas son las ofertas mas solicitadas a nivel nacional,https://www.elempleo.com/co/noticias/noticias-laborales/atencion-contadores-estas-son-las-ofertas-mas-solicitadas-nivel-nacional-8279?utm_source=eltiempo&utm_medium=enlace&utm_campaign=BoardHome_ElEmpleo
co,Como elegir la mejor empresa para tus practicas profesionales Guia para estudiantes,https://www.elempleo.com/co/noticias/consejos-profesionales/como-elegir-la-mejor-empresa-para-tus-practicas-profesionales-guia-para-estudiantes-8280?utm_source=eltiempo&utm_medium=enlace&utm_campaign=BoardHome_ElEmpleo
justicia,Dia nacional para dignificar a las victimas de violencia sexual en el conflicto armado interno,https://www.eltiempo.com/justicia/delitos/dia-nacional-para-dignificar-a-las-victimas-de-violencia-sexual-en-el-conflicto-armado-interno-3457238
cultura,La banda Morat habla de su nuevo disco Ya es manana,https://www.eltiempo.com/cultura/musica-y-libros/la-banda-morat-habla-de-su-nuevo-disco-ya-es-manana-3454908
cultura,Con una opera barroca el Teatro Mayor celebra sus 15 anos,https://www.eltiempo.com/cultura/musica-y-libros/con-una-opera-barroca-el-teatro-mayor-celebra-sus-15-anos-3454906
cultura,Jules exintegrante de Ventino protagoniza Cambio de habito,https://www.eltiempo.com/cultura/arte-y-teatro/jules-exintegrante-de-ventino-protagoniza-cambio-de-habito-3454910
cultura,Smartfilms cine hecho con celular abre convocatoria incluyente asi puede participar,https://www.eltiempo.com/cultura/cine-y-tv/smartfilms-cine-hecho-con-celular-abre-convocatoria-incluyente-asi-puede-participar-3454907
colombia,La respuesta del Gobierno Nacional a la solicitud de asistencia militar para Antioquia realizada por el Gobernador,https://www.eltiempo.com/colombia/medellin/la-respuesta-del-gobierno-nacional-a-la-solicitud-de-asistencia-militar-para-antioquia-realizada-por-el-gobernador-3459411
justicia,Armada destruye ocho laboratorios de pasta base de coca del clan del Golfo en el Choco,https://www.eltiempo.com/justicia/conflicto-y-narcotrafico/armada-destruyen-ocho-laboratorios-de-pasta-base-de-coca-del-clan-del-golfo-en-el-choco-3459279
colombia,Nino promesa del karate colombiano fue brutalmente agredido tras robo del celular en Bucaramanga perdio un rinon,https://www.eltiempo.com/colombia/santander/nino-promesa-del-karate-colombiano-fue-brutalmente-agredido-tras-ser-robado-en-bucaramanga-organos-se-afectaron-3459286
colombia,Entrevista con obispo de Tibu tras crisis por enfrentamientos reclutamiento de menores no para en El Catatumbo,https://www.eltiempo.com/colombia/otras-ciudades/reclutamiento-de-menores-no-para-en-catatumbo-denuncia-obispo-de-tibu-3459277
bogota,Cazarregueros y la lucha contra la falta de cultura en el manejo de basuras en Bogota,https://www.eltiempo.com/bogota/cazarregueros-y-la-lucha-contra-la-falta-de-cultura-en-el-manejo-de-basuras-en-bogota-3459139
colombia,Familia pago dos veces a secuestradores y nunca devolvieron al topografo lo habrian enterrado en fosa comun,https://www.eltiempo.com/colombia/otras-ciudades/citaron-a-un-topografo-para-medir-un-terreno-y-termino-secuestrado-y-desaparecido-en-casanare-3459051
politica,Gustavo Petro responde a criticas por su silencio en redes y por haber dejado plantado al presidente de Panama,https://www.eltiempo.com/politica/gobierno/gustavo-petro-responde-a-criticas-por-su-silencio-en-redes-y-tras-haber-dejado-plantado-a-presidente-de-panama-3459349
bogota,Asi reacciono madre de David Nocua a confesion de los homicidas del menor de 14 anos en Usme No quita el dolor,https://www.eltiempo.com/bogota/asi-reacciono-madre-de-david-nocua-a-confesion-de-los-homicidas-del-menor-de-14-anos-en-usme-no-quita-el-dolor-3459384
bogota,El relato de uno de los complices en el homicidio de David Nocua de 14 anos en Usme procesados aceptaron cargos,https://www.eltiempo.com/bogota/el-relato-de-uno-de-los-complices-en-el-homicidio-de-david-nocua-de-14-anos-en-usme-procesados-aceptaron-cargos-3459145
justicia,Los errores de la Fiscalia que dejan en estado critico caso contra Antonio Sanguino ministro de Trabajo,https://www.eltiempo.com/justicia/investigacion/los-errores-de-la-fiscalia-que-dejan-en-estado-critico-caso-contra-antonio-sanguino-ministro-de-trabajo-3459266
cultura,Esta es la nueva imagen de Frisby Espana tras lio legal con la marca colombiana El nombre no cambia la ambicion tampoco,https://www.eltiempo.com/cultura/gente/esta-es-la-nueva-imagen-de-frisby-espana-tras-lio-legal-con-la-marca-colombiana-el-nombre-no-cambia-la-ambicion-tampoco-3459351
mundo,Bank Of America dara un reembolso a todos los usuarios que cumplan con estas caracteristicas,https://www.eltiempo.com/mundo/eeuu-y-canada/bank-of-america-dara-un-reembolso-a-todos-los-usuarios-que-cumplan-con-estas-caracteristicas-3458303
cultura,Cuales son los beneficios de hervir el huevo con un poco de vinagre El truco recomendado por los chefs,https://www.eltiempo.com/cultura/gente/cuales-son-los-beneficios-de-hervir-el-huevo-con-un-poco-de-vinagre-el-truco-recomendado-por-los-chefs-3458988
cultura,Urologo explica la importancia de la vitamina D para prevenir enfermedades,https://www.eltiempo.com/cultura/gente/urologo-explica-la-importancia-de-la-vitamina-d-para-prevenir-enfermedades-cancer-de-prostata-disfuncion-erectil-y-mas-3458959
cultura,Epidemiologo explica como se manifiesta y diagnostica la bacteria que aumenta el riesgo de cancer de estomago,https://www.eltiempo.com/cultura/gente/medico-epidemiologo-explica-como-se-manifiesta-y-diagnostica-la-bacteria-que-aumenta-el-riesgo-de-cancer-de-estomago-se-confunde-con-gastritis-3458434
cultura,Siete consejos para limpiar las arterias de forma natural y mantenerlas sanas,https://www.eltiempo.com/cultura/gente/siete-consejos-para-limpiar-las-arterias-de-forma-natural-y-mantenerlas-sanas-habitos-simples-pero-poderosos-para-cuidar-el-corazon-3458313
mas-contenido,Asi puede ahorrar tiempo y sacar su vehiculo de los patios de forma virtual,https://www.eltiempo.com/mas-contenido/asi-puede-ahorrar-tiempo-y-sacar-su-vehiculo-de-los-patios-de-forma-virtual-3458605
vida,Conclave 2025 los nombres de papas mas repetidos y los que eligieron los antipapas,https://www.eltiempo.com/vida/religion/conclave-2025-los-nombres-de-papas-mas-repetidos-y-los-que-eligieron-los-antipapas-3451179
justicia,Las 17 historias que relatan la explotacion laboral a venezolanos en Colombia Me acosaron por meses,https://www.eltiempo.com/justicia/investigacion/explotacion-laboral-la-tragedia-invisibilizada-de-los-migrantes-venezolanos-en-colombia-3449681
justicia,Si usted es motociclista y anda a mas de 50 kmh este es el riesgo de accidentes graves al que se expone,https://www.eltiempo.com/justicia/investigacion/perder-la-vida-en-dos-ruedas-mujeres-y-jovenes-motociclistas-principales-victimas-fatales-de-siniestros-viales-3433463
loencontraste,Paginas y trucos para confirmar que esta pagando el mejor precio en Black Friday,https://www.eltiempo.com/loencontraste/paginas-y-trucos-para-confirmar-que-esta-pagando-el-mejor-precio-en-black-friday-3452957
loencontraste,Que comprar en Black Friday 2025 para ahorrar todo el ano,https://www.eltiempo.com/loencontraste/que-comprar-en-black-friday-2025-para-ahorrar-todo-el-ano-3455941
loencontraste,Tres dias que pueden transformar su negocio con Black Friday Colombia,https://www.eltiempo.com/loencontraste/tres-dias-que-pueden-transformar-su-negocio-con-black-friday-colombia-3455209
loencontraste,Todo lo que necesitas saber sobre Black Friday 2025 fechas tips y ofertas,https://www.eltiempo.com/loencontraste/todo-lo-que-necesitas-saber-sobre-black-friday-2025-fechas-tips-y-ofertas-3455201
loencontraste,Tres dias que pueden transformar su negocio con Black Friday Colombia,https://www.eltiempo.com/loencontraste/tres-dias-que-pueden-transformar-su-negocio-con-black-friday-colombia-3454632
loencontraste,Lo que todos van a querer este Black Friday Y como conseguirlo primero,https://www.eltiempo.com/loencontraste/lo-que-todos-van-a-querer-este-black-friday-y-como-conseguirlo-primero-3454213
contenido-comercial,LOE amor y amistad Experiencias unicas de compra,https://www.eltiempo.com/contenido-comercial/loe-amor-y-amistad-experiencias-unicas-de-compra-800443
contenido-comercial,Ofertas imperdibles para celebrar el amor y la amistad Del 11 al 18 de Septiembre,https://www.eltiempo.com/contenido-comercial/ofertas-imperdibles-para-celebrar-el-amor-y-la-amistad-del-11-al-18-de-septiembre-800432
loencontraste,Tendencias tecnologicas para 2025 Lo que viene y como aprovecharlo en el Black Friday,https://www.eltiempo.com/loencontraste/tendencias-tecnologicas-para-2025-lo-que-viene-y-como-aprovecharlo-en-el-black-friday-3403200
contenido-comercial,LOE La plataforma puente entre marcas y consumidores,https://www.eltiempo.com/contenido-comercial/loe-la-plataforma-puente-entre-marcas-y-consumidores-796404
mas-contenido,Novelas eternas Una coleccion para redescubrir los clasicos literarios,https://www.eltiempo.com/mas-contenido/novelas-eternas-una-coleccion-para-redescubrir-los-clasicos-literarios-3451911
mas-contenido,14 Libros de misterio crimenes pistas y sospechosos en cada pagina,https://www.eltiempo.com/mas-contenido/14-libros-de-misterio-crimenes-pistas-y-sospechosos-en-cada-pagina-3451927
mas-contenido,Los libros de Sherlock Holmes el misterio que se saborea,https://www.eltiempo.com/mas-contenido/los-libros-de-sherlock-holmes-el-misterio-que-se-saborea-3451934
mas-contenido,Descubre los secretos de la Familia TikTok con el nuevo libro Mas que Likes,https://www.eltiempo.com/mas-contenido/descubre-los-secretos-de-la-familia-tiktok-con-el-nuevo-libro-mas-que-likes-3456435
mas-contenido,Descubre el Metodo Vortex con el nuevo libro de Claudia Uribe Haz que el dinero trabaje para ti,https://www.eltiempo.com/mas-contenido/descubre-el-metodo-vortex-con-el-nuevo-libro-de-claudia-uribe-haz-que-el-dinero-trabaje-para-ti-3456431
mas-contenido,Lanzamiento del nuevo libro del endocrino Rosero contenidos imperdibles para la salud y el bienestar,https://www.eltiempo.com/mas-contenido/lanzamiento-del-nuevo-libro-del-endocrino-rosero-contenidos-imperdibles-para-la-salud-y-el-bienestar-3456313
mas-contenido,La historia del Clan Castano como nunca antes se ha contado,https://www.eltiempo.com/mas-contenido/la-historia-del-clan-castano-como-nunca-antes-se-ha-contado-3356415
mas-contenido,Estas listo para comer rico sano y de forma sostenible en el tiempo,https://www.eltiempo.com/mas-contenido/estas-listo-para-comer-rico-sano-y-de-forma-sostenible-en-el-tiempo-3356431
mas-contenido,Antioquia impacta y transforma,https://www.eltiempo.com/mas-contenido/antioquia-impacta-y-transforma-3457451
mas-contenido,Infraestructura vial una de las fortalezas del departamento,https://www.eltiempo.com/mas-contenido/infraestructura-vial-una-de-las-fortalezas-del-departamento-3456845
mas-contenido,Con Tasa de Seguridad Antioquia da respaldo efectivo al esfuerzo de policias y militares,https://www.eltiempo.com/mas-contenido/con-tasa-de-seguridad-antioquia-da-respaldo-efectivo-al-esfuerzo-de-policias-y-militares-3457325
mas-contenido,Puerto Antioquia esta listo para ser epicentro del comercio exterior en el caribe colombiano,https://www.eltiempo.com/mas-contenido/puerto-antioquia-esta-listo-para-ser-epicentro-del-comercio-exterior-en-el-caribe-colombiano-3457102
mas-contenido,Comfama y el desarrollo en las regiones de Antioquia,https://www.eltiempo.com/mas-contenido/comfama-y-el-desarrollo-en-las-regiones-de-antioquia-3457065
mas-contenido,Antioquia Emergente va a disparar el potencial de la region,https://www.eltiempo.com/mas-contenido/antioquia-emergente-va-a-disparar-el-potencial-de-la-region-3456854
mas-contenido,EIA Tech Business School formara en liderazgo para negocios digitales,https://www.eltiempo.com/mas-contenido/eia-tech-business-school-formara-en-liderazgo-para-negocios-digitales-3457064
mas-contenido,Las energias antioquenas para la vida y la sostenibilidad,https://www.eltiempo.com/mas-contenido/las-energias-antioquenas-para-la-vida-y-la-sostenibilidad-3457385
mas-contenido,Alternativas reales de inversion inmobiliaria en la capital,https://www.eltiempo.com/mas-contenido/alternativas-reales-de-inversion-inmobiliaria-en-la-capital-3450753
mas-contenido,Swiss Learning ofrece campamentos para ninos y adolescentes,https://www.eltiempo.com/mas-contenido/swiss-learning-ofrece-campamentos-para-ninos-y-adolescentes-3431411
mas-contenido,Mejor Colombiano Una invitacion a conocer los productos del pais,https://www.eltiempo.com/mas-contenido/mejor-colombiano-una-invitacion-a-conocer-los-productos-del-pais-3410838
mas-contenido,La iniciativa Mejor Colombiano le invita a consumir panela,https://www.eltiempo.com/mas-contenido/la-iniciativa-mejor-colombiano-le-invita-a-consumir-panela-3410842
mas-contenido,Cargill con el corazon en la agricultura,https://www.eltiempo.com/mas-contenido/cargill-con-el-corazon-en-la-agricultura-3407761
mas-contenido,Unitec lider en la implementacion de modalidades educativas,https://www.eltiempo.com/mas-contenido/unitec-lider-en-la-implementacion-de-modalidades-educativas-3400796
mas-contenido,Estamos Transformando la Educacion en Colombia Aprueba Xtreme,https://www.eltiempo.com/mas-contenido/estamos-transformando-la-educacion-en-colombia-aprueba-xtreme-3390385
economia,Indice Big Mac Cuanto esta depreciado el peso colombiano frente al dolar,https://www.portafolio.co/economia/finanzas/cuanto-esta-depreciado-el-peso-colombiano-frente-al-dolar-segun-el-indice-big-mac-623103
futbol-colombiano,Bajo observacion Millonarios dio reporte medico de Mackalister Silva,https://www.futbolred.com/futbol-colombiano/liga-betplay/lesion-de-mackalister-silva-seria-menos-grave-de-lo-esperado-235795
noticias,Indignacion por motociclista que atropello a nina de 5 anos y huyo en Usme,https://citytv.eltiempo.com/noticias/denuncias/indignacion-por-motociclista-que-atropello-nina-de-5-anos-y-huyo-en-usme_80168
noticias,El caballo que visita hospitales y reconoce el cancer,https://www.diarioadn.co/noticias/el-caballo-que-visita-hospitales-y-reconoce-el-cancer-tiene-una-particular-condicion-que+articulo+64300
seccion,Lea los contenidos de la Revista Motor 863,https://www.motor.com.co/seccion/revista/
seccion,Lina Tejeiro revela su deseo de ser mama y su decision de congelar ovulos,https://www.alo.co/seccion/entretenimiento/lina-tejeiro-revela-su-deseo-de-ser-mama-y-su-decision-de-congelar-ovulos_33905
noticias,Lanzan artefacto explosivo contra una camioneta en Kennedy,https://citytv.eltiempo.com/noticias/orden-publico/lanzan-artefacto-explosivo-contra-una-camioneta-en-kennedy_78782
